﻿<?xml version="1.0" encoding="utf-8"?>
<!--DO NOT EDIT. This document is generated by PSoC Creator design builds.-->
<PSoCCreatorIdeExport Version="1">
  <Device Part="CY8C5467AXI-LP108" Processor="CortexM3" DeviceID="2E16C069" />
  <Toolchains>
    <Toolchain Name="ARM GCC Generic" Selected="True">
      <Tool Name="prebuild" Command="" Options="" />
      <Tool Name="assembler" Command="arm-none-eabi-as.exe" Options="-mcpu=cortex-m3 -mthumb -I. -IGenerated_Source\PSoC5 -alh=${OutputDir}/${CompileFile}.lst -g -W" />
      <Tool Name="compiler" Command="arm-none-eabi-gcc.exe" Options="-mcpu=cortex-m3 -mthumb -Wno-main -I..\emFile_V322c\emFile_V322c\Code\Include\PSoC5 -I..\emFile_V322c\emFile_V322c\Code\Include\PSoC5\emf32nOS -I. -IGenerated_Source\PSoC5 -Wa,-alh=${OutputDir}/${CompileFile}.lst -g -D DEBUG -Wall -ffunction-sections -O0 -ffat-lto-objects" />
      <Tool Name="linker" Command="arm-none-eabi-gcc.exe" Options="-mcpu=cortex-m3 -mthumb -g -ffunction-sections -O0 -ffat-lto-objects -l emf32nosnlfn -l emf32noslfn -l emf32oslfn -l emf32osnlfn -L Generated_Source\PSoC5 -L ..\emFile_V322c\emFile_V322c\LinkLibrary\PSoC5\ARM_MDK -L ..\emFile_V322c\emFile_V322c\LinkLibrary\PSoC5\ARM_RVDS -L ..\emFile_V322c\emFile_V322c\LinkLibrary\PSoC5\GCC -Wl,-Map,${OutputDir}/${ProjectShortName}.map -T Generated_Source\PSoC5\cm3gcc.ld -specs=nano.specs -Wl,--gc-sections" />
      <Tool Name="postbuild" Command="" Options="" />
    </Toolchain>
    <Toolchain Name="ARM MDK Generic" Selected="False">
      <Tool Name="prebuild" Command="" Options="" />
      <Tool Name="assembler" Command="armasm.exe" Options="--cpu=Cortex-M3 --diag_style=gnu --thumb -i. -iGenerated_Source\PSoC5 -g --list=${OutputDir}/${CompileFile}.lst" />
      <Tool Name="compiler" Command="armcc.exe" Options="--cpu=Cortex-M3 --diag_style=gnu --diag_suppress=951 -I. -IGenerated_Source\PSoC5 --list --signed_chars -g -D DEBUG -O0 --split_sections" />
      <Tool Name="linker" Command="armlink.exe" Options="--cpu=Cortex-M3 --diag_style=gnu --no_startup --library_type=microlib --map --list ${OutputDir}/${ProjectShortName}.map --scatter Generated_Source\PSoC5\Cm3RealView.scat" />
      <Tool Name="postbuild" Command="" Options="" />
    </Toolchain>
    <Toolchain Name="ARM IAR Generic" Selected="False">
      <Tool Name="prebuild" Command="" Options="" />
      <Tool Name="assembler" Command="iasmarm.exe" Options="--cpu Cortex-M3 -I. -IGenerated_Source\PSoC5 -s+ -M&lt;&gt; -w+ -r -DDEBUG --fpu None" />
      <Tool Name="compiler" Command="iccarm.exe" Options="--cpu Cortex-M3 -I. -IGenerated_Source\PSoC5 -D DEBUG --no_cse --no_unroll --no_inline --no_code_motion --no_tbaa --no_clustering --no_scheduling --debug --endian=little -e --fpu=None -On --no_wrap_diagnostics" />
      <Tool Name="linker" Command="ilinkarm.exe" Options="--semihosting --entry __iar_program_start --vfe" />
      <Tool Name="postbuild" Command="" Options="" />
    </Toolchain>
  </Toolchains>
  <Project Name="Wired_Satellite_SDLogger_Final" Path="F:\RMISensor_Final\RMISensorProject_PSoC_Final\Wired_Satellite_SDLogger_Final.cydsn" Version="5.40" Type="Normal">
    <CMSIS_SVD_File>Wired_Satellite_SDLogger_Final.svd</CMSIS_SVD_File>
    <Datasheet />
    <LinkerFiles>
      <LinkerFile Toolchain="ARM GCC Generic">.\Generated_Source\PSoC5\cm3gcc.ld</LinkerFile>
      <LinkerFile Toolchain="ARM MDK Generic">.\Generated_Source\PSoC5\Cm3RealView.scat</LinkerFile>
      <LinkerFile Toolchain="ARM IAR Generic">.\Generated_Source\PSoC5\Cm3Iar.icf</LinkerFile>
    </LinkerFiles>
    <Folders>
      <Folder BuildType="BUILD" Path="F:\RMISensor_Final\RMISensorProject_PSoC_Final\Wired_Satellite_SDLogger_Final.cydsn">
        <Files Root="F:\RMISensor_Final\RMISensorProject_PSoC_Final\Wired_Satellite_SDLogger_Final.cydsn">
          <File BuildType="BUILD" Toolchain="">.\RMISensor.c</File>
          <File BuildType="BUILD" Toolchain="">.\main.c</File>
          <File BuildType="BUILD" Toolchain="">.\RMISensor.h</File>
        </Files>
      </Folder>
      <Folder BuildType="STRICT" Path="F:\RMISensor_Final\RMISensorProject_PSoC_Final\Wired_Satellite_SDLogger_Final.cydsn\Generated_Source\PSoC5">
        <Files Root="F:\RMISensor_Final\RMISensorProject_PSoC_Final\Wired_Satellite_SDLogger_Final.cydsn">
          <File BuildType="BUILD" Toolchain="">.\Generated_Source\PSoC5\cyfitter_cfg.h</File>
          <File BuildType="BUILD" Toolchain="">.\Generated_Source\PSoC5\cyfitter_cfg.c</File>
          <File BuildType="BUILD" Toolchain="">.\Generated_Source\PSoC5\cymetadata.c</File>
          <File BuildType="BUILD" Toolchain="">.\Generated_Source\PSoC5\cydevice.h</File>
          <File BuildType="BUILD" Toolchain="">.\Generated_Source\PSoC5\cydevicegnu.inc</File>
          <File BuildType="BUILD" Toolchain="">.\Generated_Source\PSoC5\cydevicerv.inc</File>
          <File BuildType="BUILD" Toolchain="">.\Generated_Source\PSoC5\cydeviceiar.inc</File>
          <File BuildType="BUILD" Toolchain="">.\Generated_Source\PSoC5\cydevice_trm.h</File>
          <File BuildType="BUILD" Toolchain="">.\Generated_Source\PSoC5\cydevicegnu_trm.inc</File>
          <File BuildType="BUILD" Toolchain="">.\Generated_Source\PSoC5\cydevicerv_trm.inc</File>
          <File BuildType="BUILD" Toolchain="">.\Generated_Source\PSoC5\cydeviceiar_trm.inc</File>
          <File BuildType="BUILD" Toolchain="">.\Generated_Source\PSoC5\cyfittergnu.inc</File>
          <File BuildType="BUILD" Toolchain="">.\Generated_Source\PSoC5\cyfitterrv.inc</File>
          <File BuildType="BUILD" Toolchain="">.\Generated_Source\PSoC5\cyfitteriar.inc</File>
          <File BuildType="BUILD" Toolchain="">.\Generated_Source\PSoC5\cyfitter.h</File>
          <File BuildType="BUILD" Toolchain="">.\Generated_Source\PSoC5\cydisabledsheets.h</File>
          <File BuildType="BUILD" Toolchain="">.\Generated_Source\PSoC5\COZIR.c</File>
          <File BuildType="BUILD" Toolchain="">.\Generated_Source\PSoC5\COZIR.h</File>
          <File BuildType="BUILD" Toolchain="">.\Generated_Source\PSoC5\COZIR_PM.c</File>
          <File BuildType="BUILD" Toolchain="">.\Generated_Source\PSoC5\COZIR_INT.c</File>
          <File BuildType="BUILD" Toolchain="">.\Generated_Source\PSoC5\COZIR_BOOT.c</File>
          <File BuildType="BUILD" Toolchain="">.\Generated_Source\PSoC5\SDA_VOC_aliases.h</File>
          <File BuildType="BUILD" Toolchain="">.\Generated_Source\PSoC5\SDA_VOC.c</File>
          <File BuildType="BUILD" Toolchain="">.\Generated_Source\PSoC5\SDA_VOC.h</File>
          <File BuildType="BUILD" Toolchain="">.\Generated_Source\PSoC5\SCL_VOC_aliases.h</File>
          <File BuildType="BUILD" Toolchain="">.\Generated_Source\PSoC5\SCL_VOC.c</File>
          <File BuildType="BUILD" Toolchain="">.\Generated_Source\PSoC5\SCL_VOC.h</File>
          <File BuildType="BUILD" Toolchain="">.\Generated_Source\PSoC5\VOC.c</File>
          <File BuildType="BUILD" Toolchain="">.\Generated_Source\PSoC5\VOC.h</File>
          <File BuildType="BUILD" Toolchain="">.\Generated_Source\PSoC5\VOC_BOOT.c</File>
          <File BuildType="BUILD" Toolchain="">.\Generated_Source\PSoC5\VOC_INT.c</File>
          <File BuildType="BUILD" Toolchain="">.\Generated_Source\PSoC5\VOC_PM.c</File>
          <File BuildType="BUILD" Toolchain="">.\Generated_Source\PSoC5\VOC_SLAVE.c</File>
          <File BuildType="BUILD" Toolchain="">.\Generated_Source\PSoC5\VOC_MASTER.c</File>
          <File BuildType="BUILD" Toolchain="">.\Generated_Source\PSoC5\VOC_PVT.h</File>
          <File BuildType="BUILD" Toolchain="">.\Generated_Source\PSoC5\XBee.c</File>
          <File BuildType="BUILD" Toolchain="">.\Generated_Source\PSoC5\XBee.h</File>
          <File BuildType="BUILD" Toolchain="">.\Generated_Source\PSoC5\XBee_PM.c</File>
          <File BuildType="BUILD" Toolchain="">.\Generated_Source\PSoC5\XBee_INT.c</File>
          <File BuildType="BUILD" Toolchain="">.\Generated_Source\PSoC5\XBee_BOOT.c</File>
          <File BuildType="BUILD" Toolchain="">.\Generated_Source\PSoC5\Timer_100ms.c</File>
          <File BuildType="BUILD" Toolchain="">.\Generated_Source\PSoC5\Timer_100ms.h</File>
          <File BuildType="BUILD" Toolchain="">.\Generated_Source\PSoC5\Timer_100ms_PM.c</File>
          <File BuildType="BUILD" Toolchain="">.\Generated_Source\PSoC5\isr_ms.c</File>
          <File BuildType="BUILD" Toolchain="">.\Generated_Source\PSoC5\isr_ms.h</File>
          <File BuildType="BUILD" Toolchain="">.\Generated_Source\PSoC5\Clock_1.c</File>
          <File BuildType="BUILD" Toolchain="">.\Generated_Source\PSoC5\Clock_1.h</File>
          <File BuildType="BUILD" Toolchain="">.\Generated_Source\PSoC5\Rx_XBee_aliases.h</File>
          <File BuildType="BUILD" Toolchain="">.\Generated_Source\PSoC5\Rx_XBee.c</File>
          <File BuildType="BUILD" Toolchain="">.\Generated_Source\PSoC5\Rx_XBee.h</File>
          <File BuildType="BUILD" Toolchain="">.\Generated_Source\PSoC5\RTC.c</File>
          <File BuildType="BUILD" Toolchain="">.\Generated_Source\PSoC5\RTC.h</File>
          <File BuildType="BUILD" Toolchain="">.\Generated_Source\PSoC5\RTC_INT.c</File>
          <File BuildType="BUILD" Toolchain="">.\Generated_Source\PSoC5\Dust.c</File>
          <File BuildType="BUILD" Toolchain="">.\Generated_Source\PSoC5\Dust.h</File>
          <File BuildType="BUILD" Toolchain="">.\Generated_Source\PSoC5\Dust_PM.c</File>
          <File BuildType="BUILD" Toolchain="">.\Generated_Source\PSoC5\Dust_INT.c</File>
          <File BuildType="BUILD" Toolchain="">.\Generated_Source\PSoC5\Dust_BOOT.c</File>
          <File BuildType="BUILD" Toolchain="">.\Generated_Source\PSoC5\Reg_SHDN_aliases.h</File>
          <File BuildType="BUILD" Toolchain="">.\Generated_Source\PSoC5\Reg_SHDN.c</File>
          <File BuildType="BUILD" Toolchain="">.\Generated_Source\PSoC5\Reg_SHDN.h</File>
          <File BuildType="BUILD" Toolchain="">.\Generated_Source\PSoC5\XBee_SHDN_aliases.h</File>
          <File BuildType="BUILD" Toolchain="">.\Generated_Source\PSoC5\XBee_SHDN.c</File>
          <File BuildType="BUILD" Toolchain="">.\Generated_Source\PSoC5\XBee_SHDN.h</File>
          <File BuildType="BUILD" Toolchain="">.\Generated_Source\PSoC5\Battery_Voltage_aliases.h</File>
          <File BuildType="BUILD" Toolchain="">.\Generated_Source\PSoC5\Battery_Voltage.c</File>
          <File BuildType="BUILD" Toolchain="">.\Generated_Source\PSoC5\Battery_Voltage.h</File>
          <File BuildType="BUILD" Toolchain="">.\Generated_Source\PSoC5\Battery_SHDN_aliases.h</File>
          <File BuildType="BUILD" Toolchain="">.\Generated_Source\PSoC5\Battery_SHDN.c</File>
          <File BuildType="BUILD" Toolchain="">.\Generated_Source\PSoC5\Battery_SHDN.h</File>
          <File BuildType="BUILD" Toolchain="">.\Generated_Source\PSoC5\Battery_ADC.c</File>
          <File BuildType="BUILD" Toolchain="">.\Generated_Source\PSoC5\Battery_ADC.h</File>
          <File BuildType="BUILD" Toolchain="">.\Generated_Source\PSoC5\Battery_ADC_INT.c</File>
          <File BuildType="BUILD" Toolchain="">.\Generated_Source\PSoC5\Battery_ADC_PM.c</File>
          <File BuildType="BUILD" Toolchain="">.\Generated_Source\PSoC5\Opamp.c</File>
          <File BuildType="BUILD" Toolchain="">.\Generated_Source\PSoC5\Opamp.h</File>
          <File BuildType="BUILD" Toolchain="">.\Generated_Source\PSoC5\Opamp_PM.c</File>
          <File BuildType="BUILD" Toolchain="">.\Generated_Source\PSoC5\isr_dust.c</File>
          <File BuildType="BUILD" Toolchain="">.\Generated_Source\PSoC5\isr_dust.h</File>
          <File BuildType="BUILD" Toolchain="">.\Generated_Source\PSoC5\emFile.h</File>
          <File BuildType="BUILD" Toolchain="">.\Generated_Source\PSoC5\emFile_ConfigMMC_SPI.c</File>
          <File BuildType="BUILD" Toolchain="">.\Generated_Source\PSoC5\emFile_MMC_HW_SPI.c</File>
          <File BuildType="BUILD" Toolchain="">.\Generated_Source\PSoC5\emFile_PM.c</File>
          <File BuildType="BUILD" Toolchain="">.\Generated_Source\PSoC5\SD_SHDN_aliases.h</File>
          <File BuildType="BUILD" Toolchain="">.\Generated_Source\PSoC5\SD_SHDN.c</File>
          <File BuildType="BUILD" Toolchain="">.\Generated_Source\PSoC5\SD_SHDN.h</File>
          <File BuildType="BUILD" Toolchain="">.\Generated_Source\PSoC5\PSoC4.c</File>
          <File BuildType="BUILD" Toolchain="">.\Generated_Source\PSoC5\PSoC4.h</File>
          <File BuildType="BUILD" Toolchain="">.\Generated_Source\PSoC5\PSoC4_PM.c</File>
          <File BuildType="BUILD" Toolchain="">.\Generated_Source\PSoC5\PSoC4_INT.c</File>
          <File BuildType="BUILD" Toolchain="">.\Generated_Source\PSoC5\PSoC4_BOOT.c</File>
          <File BuildType="BUILD" Toolchain="">.\Generated_Source\PSoC5\COZIR_IntClock.c</File>
          <File BuildType="BUILD" Toolchain="">.\Generated_Source\PSoC5\COZIR_IntClock.h</File>
          <File BuildType="BUILD" Toolchain="">.\Generated_Source\PSoC5\VOC_IntClock.c</File>
          <File BuildType="BUILD" Toolchain="">.\Generated_Source\PSoC5\VOC_IntClock.h</File>
          <File BuildType="BUILD" Toolchain="">.\Generated_Source\PSoC5\XBee_IntClock.c</File>
          <File BuildType="BUILD" Toolchain="">.\Generated_Source\PSoC5\XBee_IntClock.h</File>
          <File BuildType="BUILD" Toolchain="">.\Generated_Source\PSoC5\Dust_IntClock.c</File>
          <File BuildType="BUILD" Toolchain="">.\Generated_Source\PSoC5\Dust_IntClock.h</File>
          <File BuildType="BUILD" Toolchain="">.\Generated_Source\PSoC5\Battery_ADC_IRQ.c</File>
          <File BuildType="BUILD" Toolchain="">.\Generated_Source\PSoC5\Battery_ADC_IRQ.h</File>
          <File BuildType="BUILD" Toolchain="">.\Generated_Source\PSoC5\Battery_ADC_theACLK.c</File>
          <File BuildType="BUILD" Toolchain="">.\Generated_Source\PSoC5\Battery_ADC_theACLK.h</File>
          <File BuildType="BUILD" Toolchain="">.\Generated_Source\PSoC5\emFile_SPI0.c</File>
          <File BuildType="BUILD" Toolchain="">.\Generated_Source\PSoC5\emFile_SPI0.h</File>
          <File BuildType="BUILD" Toolchain="">.\Generated_Source\PSoC5\emFile_SPI0_PM.c</File>
          <File BuildType="BUILD" Toolchain="">.\Generated_Source\PSoC5\emFile_SPI0_INT.c</File>
          <File BuildType="BUILD" Toolchain="">.\Generated_Source\PSoC5\emFile_SPI0_PVT.h</File>
          <File BuildType="BUILD" Toolchain="">.\Generated_Source\PSoC5\emFile_mosi0_aliases.h</File>
          <File BuildType="BUILD" Toolchain="">.\Generated_Source\PSoC5\emFile_mosi0.c</File>
          <File BuildType="BUILD" Toolchain="">.\Generated_Source\PSoC5\emFile_mosi0.h</File>
          <File BuildType="BUILD" Toolchain="">.\Generated_Source\PSoC5\emFile_Clock_1.c</File>
          <File BuildType="BUILD" Toolchain="">.\Generated_Source\PSoC5\emFile_Clock_1.h</File>
          <File BuildType="BUILD" Toolchain="">.\Generated_Source\PSoC5\emFile_miso0_aliases.h</File>
          <File BuildType="BUILD" Toolchain="">.\Generated_Source\PSoC5\emFile_miso0.c</File>
          <File BuildType="BUILD" Toolchain="">.\Generated_Source\PSoC5\emFile_miso0.h</File>
          <File BuildType="BUILD" Toolchain="">.\Generated_Source\PSoC5\emFile_sclk0_aliases.h</File>
          <File BuildType="BUILD" Toolchain="">.\Generated_Source\PSoC5\emFile_sclk0.c</File>
          <File BuildType="BUILD" Toolchain="">.\Generated_Source\PSoC5\emFile_sclk0.h</File>
          <File BuildType="BUILD" Toolchain="">.\Generated_Source\PSoC5\emFile_SPI0_CS_aliases.h</File>
          <File BuildType="BUILD" Toolchain="">.\Generated_Source\PSoC5\emFile_SPI0_CS.c</File>
          <File BuildType="BUILD" Toolchain="">.\Generated_Source\PSoC5\emFile_SPI0_CS.h</File>
          <File BuildType="BUILD" Toolchain="">.\Generated_Source\PSoC5\PSoC4_IntClock.c</File>
          <File BuildType="BUILD" Toolchain="">.\Generated_Source\PSoC5\PSoC4_IntClock.h</File>
          <File BuildType="BUILD" Toolchain="">.\Generated_Source\PSoC5\cm3gcc.ld</File>
          <File BuildType="BUILD" Toolchain="">.\Generated_Source\PSoC5\Cm3RealView.scat</File>
          <File BuildType="BUILD" Toolchain="">.\Generated_Source\PSoC5\Cm3Start.c</File>
          <File BuildType="BUILD" Toolchain="">.\Generated_Source\PSoC5\core_cm3_psoc5.h</File>
          <File BuildType="BUILD" Toolchain="">.\Generated_Source\PSoC5\core_cm3.h</File>
          <File BuildType="BUILD" Toolchain="ARM GCC Generic">.\Generated_Source\PSoC5\CyBootAsmGnu.s</File>
          <File BuildType="BUILD" Toolchain="ARM MDK Generic">.\Generated_Source\PSoC5\CyBootAsmRv.s</File>
          <File BuildType="BUILD" Toolchain="">.\Generated_Source\PSoC5\CyDmac.c</File>
          <File BuildType="BUILD" Toolchain="">.\Generated_Source\PSoC5\CyDmac.h</File>
          <File BuildType="BUILD" Toolchain="">.\Generated_Source\PSoC5\CyFlash.c</File>
          <File BuildType="BUILD" Toolchain="">.\Generated_Source\PSoC5\CyFlash.h</File>
          <File BuildType="BUILD" Toolchain="">.\Generated_Source\PSoC5\CyLib.c</File>
          <File BuildType="BUILD" Toolchain="">.\Generated_Source\PSoC5\CyLib.h</File>
          <File BuildType="BUILD" Toolchain="">.\Generated_Source\PSoC5\cypins.h</File>
          <File BuildType="BUILD" Toolchain="">.\Generated_Source\PSoC5\cyPm.c</File>
          <File BuildType="BUILD" Toolchain="">.\Generated_Source\PSoC5\cyPm.h</File>
          <File BuildType="BUILD" Toolchain="">.\Generated_Source\PSoC5\CySpc.c</File>
          <File BuildType="BUILD" Toolchain="">.\Generated_Source\PSoC5\CySpc.h</File>
          <File BuildType="BUILD" Toolchain="">.\Generated_Source\PSoC5\cytypes.h</File>
          <File BuildType="BUILD" Toolchain="">.\Generated_Source\PSoC5\cyutils.c</File>
          <File BuildType="BUILD" Toolchain="">.\Generated_Source\PSoC5\core_cmFunc.h</File>
          <File BuildType="BUILD" Toolchain="">.\Generated_Source\PSoC5\core_cmInstr.h</File>
          <File BuildType="BUILD" Toolchain="">.\Generated_Source\PSoC5\Cm3Iar.icf</File>
          <File BuildType="BUILD" Toolchain="ARM IAR Generic">.\Generated_Source\PSoC5\CyBootAsmIar.s</File>
          <File BuildType="BUILD" Toolchain="">.\Generated_Source\PSoC5\cmsis_armcc.h</File>
          <File BuildType="BUILD" Toolchain="">.\Generated_Source\PSoC5\cmsis_gcc.h</File>
          <File BuildType="BUILD" Toolchain="">.\Generated_Source\PSoC5\project.h</File>
          <File BuildType="BUILD" Toolchain="">.\Generated_Source\PSoC5\cycodeshareimport.ld</File>
          <File BuildType="BUILD" Toolchain="">.\Generated_Source\PSoC5\cycodeshareexport.ld</File>
          <File BuildType="BUILD" Toolchain="">.\Generated_Source\PSoC5\cycodeshareimport.scat</File>
        </Files>
      </Folder>
      <Folder BuildType="STRICT" Path="F:\RMISensor_Final\RMISensorProject_PSoC_Final\Wired_Satellite_SDLogger_Final.cydsn\Export\ARM_GCC_Generic">
        <Files Root="F:\RMISensor_Final\RMISensorProject_PSoC_Final\Wired_Satellite_SDLogger_Final.cydsn">
          <File BuildType="BUILD" Toolchain="ARM GCC Generic">.\Export\ARM_GCC_Generic\CyComponentLibrary.a</File>
        </Files>
      </Folder>
      <Folder BuildType="STRICT" Path="F:\RMISensor_Final\RMISensorProject_PSoC_Final\Wired_Satellite_SDLogger_Final.cydsn\Export\ARM_MDK_Generic">
        <Files Root="F:\RMISensor_Final\RMISensorProject_PSoC_Final\Wired_Satellite_SDLogger_Final.cydsn">
          <File BuildType="BUILD" Toolchain="ARM MDK Generic">.\Export\ARM_MDK_Generic\CyComponentLibrary.a</File>
        </Files>
      </Folder>
      <Folder BuildType="STRICT" Path="F:\RMISensor_Final\RMISensorProject_PSoC_Final\Wired_Satellite_SDLogger_Final.cydsn\Export\ARM_IAR_Generic">
        <Files Root="F:\RMISensor_Final\RMISensorProject_PSoC_Final\Wired_Satellite_SDLogger_Final.cydsn">
          <File BuildType="BUILD" Toolchain="ARM IAR Generic">.\Export\ARM_IAR_Generic\CyComponentLibrary.a</File>
        </Files>
      </Folder>
      <Folder BuildType="EXCLUDE" Path=".\codegentemp">
        <Files Root="F:\RMISensor_Final\RMISensorProject_PSoC_Final\Wired_Satellite_SDLogger_Final.cydsn" />
      </Folder>
      <Folder BuildType="EXCLUDE" Path=".\ARM_GCC_441">
        <Files Root="F:\RMISensor_Final\RMISensorProject_PSoC_Final\Wired_Satellite_SDLogger_Final.cydsn" />
      </Folder>
      <Folder BuildType="EXCLUDE" Path=".\ARM_GCC_473">
        <Files Root="F:\RMISensor_Final\RMISensorProject_PSoC_Final\Wired_Satellite_SDLogger_Final.cydsn" />
      </Folder>
      <Folder BuildType="EXCLUDE" Path=".\DP8051_Keil_952">
        <Files Root="F:\RMISensor_Final\RMISensorProject_PSoC_Final\Wired_Satellite_SDLogger_Final.cydsn" />
      </Folder>
      <Folder BuildType="EXCLUDE" Path=".\DP8051">
        <Files Root="F:\RMISensor_Final\RMISensorProject_PSoC_Final\Wired_Satellite_SDLogger_Final.cydsn" />
      </Folder>
      <Folder BuildType="EXCLUDE" Path=".\CortexM0">
        <Files Root="F:\RMISensor_Final\RMISensorProject_PSoC_Final\Wired_Satellite_SDLogger_Final.cydsn" />
      </Folder>
      <Folder BuildType="EXCLUDE" Path=".\CortexM0p">
        <Files Root="F:\RMISensor_Final\RMISensorProject_PSoC_Final\Wired_Satellite_SDLogger_Final.cydsn" />
      </Folder>
      <Folder BuildType="EXCLUDE" Path=".\CortexM3">
        <Files Root="F:\RMISensor_Final\RMISensorProject_PSoC_Final\Wired_Satellite_SDLogger_Final.cydsn" />
      </Folder>
      <Folder BuildType="EXCLUDE" Path=".\CortexM4">
        <Files Root="F:\RMISensor_Final\RMISensorProject_PSoC_Final\Wired_Satellite_SDLogger_Final.cydsn" />
      </Folder>
      <Folder BuildType="EXCLUDE" Path=".\CortexM7">
        <Files Root="F:\RMISensor_Final\RMISensorProject_PSoC_Final\Wired_Satellite_SDLogger_Final.cydsn" />
      </Folder>
      <Folder BuildType="EXCLUDE" Path=".\Generated_Source\PSoC3">
        <Files Root="F:\RMISensor_Final\RMISensorProject_PSoC_Final\Wired_Satellite_SDLogger_Final.cydsn" />
      </Folder>
      <Folder BuildType="EXCLUDE" Path=".\Generated_Source\PSoC4">
        <Files Root="F:\RMISensor_Final\RMISensorProject_PSoC_Final\Wired_Satellite_SDLogger_Final.cydsn" />
      </Folder>
    </Folders>
  </Project>
</PSoCCreatorIdeExport>